optimal_cutoff,specificity,sensitivity,auc_over_test,accuracy
0.481256902217865,0.60584078745596,0.658901991107674,0.686733390222586,0.606805233227162
