auc_roc_test,auc_gain_test.AUC,uplift10
0.731805566951756,0.7168325,3.43
