auc_roc_test,auc_gain_test.AUC,uplift10
0.746585326620643,0.7309265,3.56
