optimal_cutoff,specificity,sensitivity,auc_over_test,accuracy
0.491064891219139,0.728819695872556,0.637070549978793,0.746585326620643,0.723166450331472
