optimal_cutoff,specificity,sensitivity,auc_over_test,accuracy
0.506565988063812,0.729972058032317,0.604557808906544,0.731805566951756,0.722133558206957
