auc_roc_test,auc_gain_test.AUC,uplift10
0.725951378282097,0.7213405,3.35
