optimal_cutoff,specificity,sensitivity,auc_over_test,accuracy
0.501478403806686,0.697375684305549,0.625900672179506,0.725951378282097,0.696077363499172
