optimal_cutoff,specificity,sensitivity,auc_over_test,accuracy
0.488935232162476,0.708087017768172,0.654706456561149,0.751490746342073,0.704752313782338
